12345001;85;false;Филиппова Лора Альбертовна;9851788875;
12345002;37;false;Семёнова Виктория Всеволодовна;9845015406;
12345003;32;true;Бирюков Германн Геласьевич;9923497044;
12345004;73;true;Марков Филат Созонович;9339525300;
12345005;26;true;Мартынов Максим Артёмович;9742721938;
12345006;91;false;Назарова Олимпиада Романовна;9000747135;
12345007;36;true;Сазонов Денис Иванович;9827378290;
12345008;78;false;Зимина Прасковья Эдуардовна;9758181701;
12345009;21;false;Горшкова Нина Брониславовна;9550340321;
12345010;38;true;Медведьев Донат Авдеевич;9116937675;
12345011;86;true;Мухин Сергей Витальевич;9917437605;
12345012;70;false;Наумова Анна Григорьевна;9348695923;
12345013;43;true;Гордеев Станислав Авдеевич;9080145236;
12345014;74;false;Медведева Лидия Якуновна;9338958114;
12345015;77;true;Морозов Илья Протасьевич;9343240540;
12345016;85;false;Никитина Людмила Андреевна;9824379080;
12345017;66;false;Матвиенко Вероника Романовна;9662693502;
12345018;40;true;Сергеев Михаил Аристархович;9367861861;
12345019;38;false;Фокина Нина Донатовна;9913656745;
12345020;44;false;Баранова Наталья Аристарховна;9344905502;
12345021;68;true;Борисов Лукьян Аркадьевич;9329299809;
12345022;75;false;Савельева Пелагея Валерьевна;9734320476;
12345023;54;false;Дьячкова Ия Аристарховна;9213482022;
12345024;55;false;Уварова Феврония Глебовна;9668262315;
12345025;37;true;Гордеев Авксентий Андреевич;9136027000;
12345026;54;true;Евдокимов Даниил Германнович;9250708600;
12345027;24;true;Зиновьев Даниил Егорович;9623064241;
12345028;32;true;Назаров Демьян Владиславович;9469861707;
12345029;77;true;Харитонов Геннадий Леонидович;9326674317;
12345030;42;true;Макаров Лукий Федосеевич;9021941327;
12345031;65;true;Сидоров Фрол Мстиславович;9622516226;
12345032;85;false;Маслова Фаина Павловна;9682689167;
12345033;87;false;Исаева Людмила Валерьяновна;9296619093;
12345034;43;false;Комиссарова Евгения Мартыновна;9458674573;
12345035;35;true;Куликов Сергей Анатольевич;9522620149;
12345036;37;true;Сидоров Глеб Протасьевич;9318639951;
12345037;36;false;Орехова Таисия Денисовна;9436974714;
12345038;86;true;Комаров Тихон Андреевич;9270198907;
12345039;62;true;Карпов Владимир Олегович;9608706813;
12345040;47;true;Медведьев Ефим Ефимович;9140426082;
12345041;33;true;Бобылёв Юрий Донатович;9358210270;
12345042;25;false;Шилова София Степановна;9433085972;
12345043;87;false;Савина Агата Антоновна;9508802038;
12345044;85;true;Корнилов Мартын Викторович;9278663524;
12345045;30;true;Рыбаков Филат Викторович;9028402423;
12345046;28;false;Воронцова Ирина Федотовна;9836478994;
12345047;38;true;Ширяев Никита Владленович;9764606233;
12345048;82;true;Мамонтов Федосей Валерьевич;9766740879;
12345049;49;false;Шашкова Олимпиада Святославовна;9478316685;
12345050;46;false;Костина Октябрина Ильяовна;9818281062;
12345051;93;false;Макарова Клавдия Ефимовна;9368385665;
12345052;65;true;Ермаков Максим Улебович;9308035684;
12345053;73;false;Кудряшова Светлана Федосеевна;9903820711;
12345054;18;false;Жданова Зоя Мэлсовна;9792276605;
12345055;47;true;Корнилов Григорий Мартынович;9293640371;
12345056;75;false;Воробьёва Ксения Станиславовна;9002916313;
12345057;69;true;Медведьев Варлам Мстиславович;9667502429;
12345058;90;false;Дмитриева Пелагея Макаровна;9166361973;
12345059;17;false;Селезнёва Лариса Юлиановна;9605909152;
12345060;37;true;Филиппов Пантелеймон Владиславович;9329106584;
12345061;74;true;Одинцов Юлиан Игнатьевич;9420742843;
12345062;78;true;Шестаков Вадим Владленович;9041429257;
12345063;49;true;Жуков Якун Михаилович;9647087675;
12345064;60;true;Титов Вадим Степанович;9563267017;
12345065;66;false;Бирюкова Регина Игоревна;9686903616;
12345066;41;true;Воронов Авдей Пантелеймонович;9859681260;
12345067;32;false;Иван Вячеславовна;9583489892;
12345068;18;true;Иванов Ириней Митрофанович;9224432266;
12345069;68;false;Исаева Лукия Фёдоровна;9679218821;
12345070;62;true;Сафонов Варлам Пантелеймонович;9875346286;
12345071;38;false;Уварова Фёкла Николаевна;9967234572;
12345072;74;true;Карпов Лукий Викторович;9794189970;
12345073;58;true;Зимин Сергей Васильевич;9417143685;
12345074;50;false;Денисова Евдокия Ростиславовна;9457540879;
12345075;92;true;Цветков Яков Артёмович;9314994089;
12345076;91;true;Зиновьев Авксентий Лукьянович;9481360744;
12345077;81;true;Мартынов Макар Агафонович;9951587969;
12345078;28;true;Лаврентьев Мартын Ростиславович;9729874955;
12345079;41;false;Абрамова Элеонора Авксентьевна;9623278661;
12345080;17;false;Денисова Агафья Лукьевна;9375075966;
12345081;93;true;Орлов Созон Авдеевич;9940815573;
12345082;48;false;Зыкова Наталья Руслановна;9861855240;
12345083;65;false;Михайлова Венера Святославовна;9502724751;
12345084;21;false;Ширяева Раиса Юлиановна;9073591836;
12345085;33;true;Титов Виталий Христофорович;9000580168;
12345086;57;false;Петухова Олимпиада Григорьевна;9393420769;
12345087;44;true;Лихачёв Мэлс Борисович;9060304770;
12345088;61;true;Силин Герман Яковович;9863067772;
12345089;62;false;Симонова Василиса Дамировна;9749254492;
12345090;35;true;Евсеев Алексей Демьянович;9677962646;
12345091;68;true;Исаков Виктор Геннадьевич;9335676842;
12345092;72;false;Кудряшова Фаина Максимовна;9451243617;
12345093;62;true;Журавлёв Антон Максимович;9644513718;
12345094;59;true;Васильев Олег Ярославович;9086631749;
12345095;58;true;Смирнов Яков Куприянович;9594457755;
12345096;52;false;Блохина Милица Федотовна;9803647151;
12345097;85;false;Казакова Ираида Онисимовна;9462046027;
12345098;66;false;Лукина Елизавета Глебовна;9341855781;
12345099;15;true;Копылов Федосей Егорович;9263815608;
12345100;82;true;Сысоев Ким Эдуардович;9998494871;
12345101;14;false;Шестакова Евпраксия Ильяовна;9418790735;
12345102;63;true;Ларионов Владислав Христофорович;9192245712;
12345103;17;true;Марков Николай Дмитрьевич;9596135710;
12345104;57;true;Блохин Святослав Владимирович;9377600025;
12345105;30;true;Субботин Созон Витальевич;9487427655;
12345106;89;true;Назаров Пётр Кимович;9477228525;
12345107;54;false;Быкова Клавдия Пантелеймоновна;9323883702;
12345108;29;true;Королёв Лаврентий Филатович;9991490949;
12345109;21;false;Жданова Марфа Степановна;9699693970;
12345110;44;false;Новикова Ирина Леонидовна;9508907804;
12345111;51;true;Туров Валерий Пантелеймонович;9592044582;
12345112;82;false;Копылова Лора Георгьевна;9829214915;
12345113;71;true;Панов Варлам Борисович;9772615209;
12345114;91;true;Рожков Артём Альбертович;9360709127;
12345115;57;true;Герасимов Альберт Якунович;9103422086;
12345116;15;true;Третьяков Сергей Станиславович;9907373328;
12345117;42;true;Кузьмин Авксентий Алексеевич;9381793786;
12345118;76;true;Дементьев Германн Серапионович;9901467091;
12345119;54;false;Агафонова Иванна Антоновна;9262343827;
12345120;83;false;Лобанова Лариса Вячеславовна;9259022912;
12345121;41;false;Гусева Клавдия Улебовна;9897622902;
12345122;44;true;Шашков Ким Антонович;9461746818;
12345123;45;false;Жукова Ираида Мэлоровна;9007859084;
12345124;23;false;Тихонова Варвара Валентиновна;9562876870;
12345125;71;false;Емельянова Надежда Мэлоровна;9214880350;
12345126;24;true;Мухин Кондрат Никитевич;9740831015;
12345127;20;true;Большаков Константин Арсеньевич;9806391554;
12345128;36;true;Афанасьев Антонин Ростиславович;9366225312;
12345129;92;false;Жукова Зинаида Ярославовна;9257007532;
12345130;59;true;Коновалов Игнатий Валерьевич;9661015249;
12345131;53;true;Нестеров Парфений Дмитрьевич;9751417344;
12345132;69;true;Потапов Кондрат Борисович;9628549100;
12345133;54;true;Прохоров Яков Гордеевич;9715338908;
12345134;42;false;Казакова Татьяна Егоровна;9914286200;
12345135;21;true;Воронцов Семён Протасьевич;9574599164;
12345136;42;false;Белоусова Синклитикия Игоревна;9948378598;
12345137;83;true;Кондратьев Еремей Викторович;9012000624;
12345138;60;false;Ильина Вера Пётровна;9298946614;
12345139;48;false;Фомичёва Пелагея Юлиановна;9705757303;
12345140;47;true;Сысоев Евсей Михаилович;9009160972;
12345141;38;false;Баранова Регина Ильяовна;9058418429;
12345142;93;true;Логинов Станислав Владимирович;9234893404;
12345143;61;true;Комиссаров Виктор Викторович;9912782793;
12345144;78;true;Степанов Фёдор Митрофанович;9990991165;
12345145;39;true;Калашников Антонин Кондратович;9010150840;
12345146;14;true;Тихонов Лукий Фролович;9382952019;
12345147;87;true;Русаков Кондрат Максимович;9524642626;
12345148;59;true;Григорьев Роман Пантелеймонович;9854304021;
12345149;57;true;Пестов Митрофан Альвианович;9995471605;
12345150;85;true;Сысоев Игорь Романович;9425594284;
12345151;75;true;Сафонов Протасий Аркадьевич;9590138367;
12345152;68;true;Андреев Агафон Александрович;9586057074;
12345153;52;false;Афанасьева Лидия Мартыновна;9704339893;
12345154;61;false;Лапина Татьяна Куприяновна;9311383558;
12345155;91;false;Веселова Александра Альбертовна;9390358075;
12345156;15;true;Самойлов Авксентий Станиславович;9351458497;
12345157;90;false;Вишнякова Таисия Лукьевна;9407241598;
12345158;37;true;Горбунов Виталий Евсеевич;9468480482;
12345159;36;true;Борисов Валентин Владимирович;9742472774;
12345160;49;true;Федотов Алексей Иванович;9160101125;
12345161;45;false;Соловьёва Анжела Тихоновна;9398226110;
12345162;46;false;Ершова Иванна Геннадьевна;9359301174;
12345163;38;true;Федотов Владислав Куприянович;9001054063;
12345164;67;false;Мясникова Людмила Якововна;9169296327;
12345165;49;true;Мартынов Василий Сергеевич;9643390609;
12345166;92;true;Ермаков Павел Евсеевич;9842713491;
12345167;56;false;Котова Лукия Станиславовна;9322450831;
12345168;77;true;Козлов Дмитрий Дмитрьевич;9816465223;
12345169;33;true;Овчинников Пётр Ярославович;9070733699;
12345170;50;false;Гуляева Глафира Евгеньевна;9447715888;
12345171;71;false;Шарова Зинаида Иринеевна;9886553995;
12345172;44;false;Нестерова Тамара Олеговна;9427206740;
12345173;53;true;Кузьмин Дамир Геласьевич;9225925704;
12345174;15;true;Савин Василий Лаврентьевич;9051754639;
12345175;78;false;Жданова Анжела Арсеньевна;9170194972;
12345176;84;true;Ермаков Германн Лукьевич;9565546027;
12345177;60;false;Петрова Анжелика Станиславовна;9576009154;
12345178;76;false;Белозёрова Василиса Ильяовна;9034823330;
12345179;37;true;Ширяев Вячеслав Григорьевич;9655400921;
12345180;85;false;Суханова Татьяна Ильяовна;9536613669;
12345181;86;false;Вишнякова Зоя Никитевна;9771641967;
12345182;90;true;Суханов Парфений Анатольевич;9117491682;
12345183;66;true;Павлов Пётр Пётрович;9367401773;
12345184;80;true;Блинов Авдей Геннадьевич;9599755621;
12345185;18;false;Кондратьева Мария Дамировна;9744142683;
12345186;68;true;Ковалёв Виталий Авксентьевич;9329051563;
12345187;47;true;Владимиров Герман Андреевич;9716840672;
12345188;48;true;Игнатьев Богдан Валентинович;9249296988;
12345189;75;true;Орлов Роман Семёнович;9450550045;
12345190;32;false;Овчинникова Ия Валерьевна;9329789793;
12345191;48;false;Козлова Мария Данииловна;9969507372;
12345192;92;false;Гурьева Пелагея Витальевна;9298591626;
12345193;79;false;Щукина Фаина Аристарховна;9901660883;
12345194;45;true;Моисеев Матвей Лаврентьевич;9487160620;
12345195;87;true;Колобов Лукий Лукьевич;9181696874;
12345196;73;true;Коновалов Серапион Борисович;9567415933;
12345197;57;true;Колесников Герман Семёнович;9615366291;
12345198;42;false;Овчинникова Кира Германовна;9563878539;
12345199;68;false;Кулакова Октябрина Валерьяновна;9526234104;
12345200;41;true;Потапов Николай Дмитрьевич;9330705382;
12345201;88;true;Фадеев Протасий Донатович;9460319070;
12345202;45;true;Герасимов Вячеслав Русланович;9714993447;
12345203;82;true;Панов Авксентий Валентинович;9461767665;
12345204;73;false;Капустина Ангелина Сергеевна;9331796511;
12345205;76;true;Герасимов Сергей Романович;9664482007;
12345206;67;false;Гуляева Раиса Мэлоровна;9972874715;
12345207;55;true;Меркушев Куприян Вячеславович;9169007939;
12345208;85;false;Вишнякова Людмила Иринеевна;9940290590;
12345209;27;true;Алексеев Якун Степанович;9320889010;
12345210;42;true;Блинов Богдан Мэлсович;9261238539;
12345211;75;false;Шарапова Нина Константиновна;9731355819;
12345212;24;true;Дмитриев Андрей Борисович;9490488874;
12345213;41;true;Михайлов Фрол Максимович;9626429172;
12345214;22;true;Антонов Вадим Мэлсович;9974089354;
12345215;14;true;Филиппов Ириней Никитевич;9476821051;
12345216;83;true;Орлов Артём Алексеевич;9663313882;
12345217;83;true;Вишняков Антон Семёнович;9614273948;
12345218;84;false;Макарова Наталья Альбертовна;9133182107;
12345219;18;true;Юдин Агафон Алексеевич;9738944590;
12345220;15;true;Копылов Пантелеймон Лукьевич;9203755901;
12345221;75;true;Поляков Донат Федотович;9048809072;
12345222;71;true;Шаров Юрий Дамирович;9278925604;
12345223;24;false;Силина Анжела Германовна;9601105814;
12345224;30;false;Елисеева Синклитикия Федотовна;9026981243;
12345225;66;true;Тимофеев Евсей Мартынович;9115482891;
12345226;71;true;Кузнецов Михаил Артёмович;9174278161;
12345227;43;true;Воробьёв Вячеслав Михаилович;9121193992;
12345228;82;true;Самсонов Илья Яковович;9920306194;
12345229;36;false;Медведьева София Денисовна;9693506105;
12345230;90;true;Павлов Созон Владиславович;9114424938;
12345231;75;false;Прохорова Галина Якововна;9752498946;
12345232;51;true;Дроздов Степан Эдуардович;9133224708;
12345233;65;true;Туров Святослав Сергеевич;9330608041;
12345234;49;true;Александров Антонин Григорьевич;9764888993;
12345235;28;true;Максимов Михаил Альвианович;9090157346;
12345236;35;true;Белозёров Никита Федотович;9745904122;
12345237;67;true;Голубев Степан Игоревич;9856420422;
12345238;37;true;Зиновьев Мэлор Варламович;9785302485;
12345239;93;true;Рогов Мстислав Максимович;9166003020;
12345240;31;true;Алексеев Ростислав Иринеевич;9602029523;
12345241;34;true;Кудряшов Вадим Митрофанович;9811090733;
12345242;28;false;Исакова Галина Куприяновна;9930884044;
12345243;56;false;Ефимова Вероника Евсеевна;9188007886;
12345244;25;true;Давыдов Авксентий Яковович;9807072806;
12345245;19;true;Мишин Ефим Романович;9267549983;
12345246;81;true;Красильников Вячеслав Лукьянович;9910077639;
12345247;35;true;Мишин Донат Ильяович;9098801379;
12345248;83;false;Боброва Эмилия Германовна;9982571736;
12345249;23;false;Назарова Евдокия Артёмовна;9945298895;
12345250;71;false;Степанова Наталья Агафоновна;9893795031;
12345251;26;true;Зимин Кондрат Леонидович;9894355628;
12345252;44;false;Казакова Евфросиния Олеговна;9622648304;
12345253;76;true;Стрелков Аркадий Созонович;9584749732;
12345254;64;true;Маслов Семён Владленович;9084878811;
12345255;76;true;Мельников Даниил Сергеевич;9570317064;
12345256;30;true;Сорокин Богдан Макарович;9121346353;
12345257;44;false;Носова Наталья Всеволодовна;9922653105;
12345258;46;true;Никифоров Виталий Пантелеймонович;9742833744;
12345259;91;false;Нестерова Виктория Фёдоровна;9097058992;
12345260;41;false;Никонова Марфа Брониславовна;9544936979;
12345261;22;true;Бобылёв Юрий Христофорович;9006220146;
12345262;40;false;Трофимова Октябрина Анатольевна;9026368352;
12345263;55;false;Соболева Майя Лукьяновна;9593996611;
12345264;86;true;Соловьёв Демьян Игнатьевич;9742010917;
12345265;82;false;Шестакова Анастасия Богдановна;9956632173;
12345266;35;false;Денисова Клавдия Мэлсовна;9151776713;
12345267;35;true;Путин Сергей Иванович;9896864491;
12345268;41;false;Антонова Оксана Лаврентьевна;9818377240;
12345269;31;false;Волкова Венера Никитевна;9178775797;
12345270;83;true;Тетерин Николай Якунович;9760039955;
12345271;57;true;Гусев Игорь Юлианович;9374369226;
12345272;78;false;Богданова Кира Владиславовна;9264514040;
12345273;68;false;Захарова Эмилия Кондратовна;9215695960;
12345274;40;true;Шаров Альвиан Валерьевич;9186385244;
12345275;72;true;Петухов Николай Владимирович;9689939797;
12345276;60;false;Воронова Ирина Игнатьевна;9948265141;
12345277;35;false;Борисова Иванна Игоревна;9031324853;
12345278;93;true;Королёв Антон Созонович;9365264767;
12345279;60;true;Фадеев Вадим Серапионович;9387404511;
12345280;32;true;Мухин Анатолий Михаилович;9874262237;
12345281;73;true;Суворов Георгий Григорьевич;9369287090;
12345282;64;true;Родионов Еремей Лукьянович;9977452355;
12345283;38;true;Рогов Руслан Авксентьевич;9731834398;
12345284;33;true;Дорофеев Денис Ильяович;9473841181;
12345285;15;true;Горшков Юрий Германнович;9385400505;
12345286;90;true;Мамонтов Авдей Константинович;9946357079;
12345287;44;true;Бобров Герман Пётрович;9161893448;
12345288;16;true;Вишняков Мстислав Викторович;9686851807;
12345289;26;true;Калашников Виталий Святославович;9309398913;
12345290;60;false;Воронова Анжела Владленовна;9864641776;
12345291;49;true;Кудрявцев Борис Фролович;9229386846;
12345292;67;true;Лукин Эдуард Максимович;9854658521;
12345293;29;true;Куликов Дмитрий Игоревич;9965467285;
12345294;79;true;Пономарёв Фрол Брониславович;9937309950;
12345295;35;true;Кулаков Авксентий Богданович;9958297568;
12345296;17;false;Воробьёва Лидия Максимовна;9668863748;
12345297;93;true;Юдин Артём Викторович;9289489022;
12345298;54;false;Аксёнова Октябрина Альбертовна;9602274909;
12345299;56;true;Ларионов Юлиан Митрофанович;9416472748;
12345300;83;false;Иван Онисимовна;9784001361;
12345301;93;true;Евсеев Владимир Витальевич;9929989160;
12345302;80;false;Владимирова Глафира Валерьяновна;9345530752;
12345303;66;false;Фомина Марфа Филатовна;9840522262;
12345304;67;true;Доронин Алексей Тихонович;9694000270;
12345305;60;false;Михайлова Иванна Геласьевна;9864327386;
12345306;65;false;Федотова Марфа Константиновна;9133771462;
12345307;67;true;Рожков Фёдор Альвианович;9104799078;
12345308;84;false;Яковлева Прасковья Данииловна;9554209121;
12345309;53;false;Журавлёва Александра Гордеевна;9298705241;
12345310;57;true;Мясников Бронислав Семёнович;9253748490;
12345311;32;false;Кабанова Пелагея Данииловна;9050666247;
12345312;51;false;Лихачёва Антонина Кимовна;9681777913;
12345313;18;true;Баранов Авдей Семёнович;9089972421;
12345314;43;false;Павлова Пелагея Владленовна;9249355970;
12345315;23;false;Иван Еремеевна;9334235496;
12345316;51;true;Осипов Еремей Протасьевич;9138303574;
12345317;41;true;Зыков Вячеслав Никитевич;9185881590;
12345318;30;true;Буров Лукьян Александрович;9914953825;
12345319;51;false;Суханова Агафья Андреевна;9741210311;
12345320;31;true;Кулаков Фёдор Матвеевич;9309452218;
12345321;24;true;Потапов Виктор Ярославович;9982100355;
12345322;19;true;Пестов Андрей Алексеевич;9114590537;
12345323;93;true;Селезнёв Глеб Ильяович;9969093648;
12345324;16;true;Миронов Еремей Тихонович;9329847640;
12345325;79;true;Исаев Глеб Всеволодович;9681550509;
12345326;80;true;Ковалёв Станислав Павлович;9388839666;
12345327;28;true;Белозёров Ириней Мартынович;9515660633;
12345328;51;true;Моисеев Григорий Даниилович;9635580471;
12345329;61;true;Нестеров Ярослав Дмитрьевич;9223140782;
12345330;54;true;Комиссаров Ефим Глебович;9106479122;
12345331;15;false;Гаврилова Людмила Эдуардовна;9715273408;
12345332;78;false;Тихонова Клавдия Дмитрьевна;9873863480;
12345333;76;true;Мартынов Ириней Альвианович;9027510159;
12345334;35;false;Кузнецова Анжелика Ростиславовна;9355302302;
12345335;62;true;Бобылёв Еремей Дмитрьевич;9949912203;
12345336;50;true;Ершов Николай Георгьевич;9367871621;
12345337;59;true;Данилов Ириней Альвианович;9253878482;
12345338;76;false;Самойлова Ольга Пантелеймоновна;9900941867;
12345339;21;false;Боброва Мария Онисимовна;9374129067;
12345340;33;true;Терентьев Максим Донатович;9866695964;
12345341;47;false;Тарасова Ия Никитевна;9557040192;
12345342;59;true;Волков Георгий Фролович;9381305647;
12345343;81;false;Емельянова Виктория Михаиловна;9379868057;
12345344;60;false;Игнатьева Евгения Онисимовна;9860728415;
12345345;55;false;Мельникова Алевтина Дмитрьевна;9168132170;
12345346;42;false;Авдеева Лора Владимировна;9057195835;
12345347;25;true;Захаров Алексей Сергеевич;9108988660;
12345348;93;false;Осипова Пелагея Германовна;9000063800;
12345349;54;true;Иванов Георгий Германнович;9508367148;
12345350;32;false;Зиновьева Прасковья Арсеньевна;9321265817;
12345351;35;true;Григорьев Авксентий Германнович;9169537334;
12345352;41;true;Рожков Антонин Ярославович;9157079807;
12345353;35;true;Шарапов Иван Антонович;9512970575;
12345354;55;true;Чернов Виталий Викторович;9639624174;
12345355;55;true;Фролов Эдуард Владленович;9488514453;
12345356;40;true;Ларионов Максим Иринеевич;9555755460;
12345357;22;true;Пестов Эдуард Сергеевич;9389555886;
12345358;56;false;Меркушева Ксения Германовна;9270024630;
12345359;92;false;Миронова Лидия Якуновна;9644957237;
12345360;42;true;Игнатов Яков Геннадьевич;9610676933;
12345361;87;false;Якушева Жанна Ростиславовна;9192395802;
12345362;60;false;Данилова Анна Владленовна;9081078090;
12345363;69;true;Цветков Степан Владленович;9056731696;
12345364;91;false;Коновалова Фёкла Фёдоровна;9045923141;
12345365;71;true;Кошелев Григорий Степанович;9794089526;
12345366;42;false;Мясникова Пелагея Матвеевна;9759751931;
12345367;20;false;Третьякова Нина Лукьяновна;9763641332;
12345368;47;false;Панова Милица Созоновна;9972896612;
12345369;61;true;Константинов Геннадий Альбертович;9284123916;
12345370;56;false;Вишнякова Октябрина Александровна;9358664560;
12345371;30;false;Титова Зоя Валерьяновна;9305069296;
12345372;60;false;Стрелкова Фёкла Вячеславовна;9600435517;
12345373;43;true;Жуков Гордей Валерьянович;9996018465;
12345374;73;false;Лобанова Венера Мартыновна;9196087743;
12345375;89;true;Гаврилов Вячеслав Всеволодович;9120874869;
12345376;67;true;Матвеев Артём Матвеевич;9197529702;
12345377;58;true;Русаков Юрий Юлианович;9264430497;
12345378;29;false;Белякова Юлия Варламовна;9295015141;
12345379;20;false;Щербакова Любовь Степановна;9802376548;
12345380;89;false;Панова Анастасия Брониславовна;9392593351;
12345381;58;false;Копылова Зоя Гордеевна;9479232068;
12345382;65;false;Кононова Галина Руслановна;9044535424;
12345383;42;false;Семёнова Раиса Донатовна;9437129963;
12345384;36;true;Анисимов Семён Донатович;9844509408;
12345385;44;false;Колобова Нонна Александровна;9173253642;
12345386;86;true;Крылов Владлен Леонидович;9372586173;
12345387;83;true;Белозёров Богдан Константинович;9130494158;
12345388;49;false;Сазонова Анна Ивановна;9852216133;
12345389;69;true;Беляев Агафон Викторович;9454866765;
12345390;64;true;Пестов Тихон Всеволодович;9869907031;
12345391;21;false;Иван Игнатьевна;9734018722;
12345392;77;false;Белякова Иванна Максимовна;9802370074;
12345393;20;false;Александрова Майя Ярославовна;9542620164;
12345394;45;true;Устинов Валерьян Улебович;9273783695;
12345395;19;true;Крылов Аристарх Вадимович;9727542624;
12345396;65;true;Никифоров Леонид Святославович;9200706182;
12345397;35;true;Самсонов Даниил Георгьевич;9128888309;
12345398;87;true;Абрамов Арсений Демьянович;9082669971;
12345399;22;true;Мухин Геласий Улебович;9198508534;
12345400;43;true;Гурьев Виталий Русланович;9715166319;
12345401;55;true;Соловьёв Кондрат Васильевич;9248424287;
12345402;49;false;Жданова Милица Дмитрьевна;9159581520;
12345403;24;true;Пономарёв Герман Никитевич;9871010447;
12345404;29;false;Королёва Эмилия Владимировна;9453693046;
12345405;14;true;Семёнов Дмитрий Романович;9329496576;
12345406;33;false;Дорофеева Венера Кондратовна;9406980813;
12345407;71;true;Воробьёв Серапион Валерьевич;9247231185;
12345408;26;false;Родионова Синклитикия Онисимовна;9551824587;
12345409;49;true;Одинцов Парфений Германович;9932291257;
12345410;32;true;Артемьев Владислав Эдуардович;9480200750;
12345411;64;true;Беляков Гордей Мэлорович;9425321458;
12345412;72;false;Шарова Ирина Якововна;9171176440;
12345413;79;false;Жукова Татьяна Лукьевна;9223026645;
12345414;69;true;Колобов Виктор Авксентьевич;9025675091;
12345415;71;true;Поляков Гордей Николаевич;9845922616;
12345416;41;true;Смирнов Тихон Николаевич;9580769489;
12345417;20;true;Шилов Сергей Макарович;9069570042;
12345418;87;false;Гуляева Юлия Ярославовна;9603525396;
12345419;46;false;Галкина Милица Станиславовна;9998374538;
12345420;54;false;Шашкова Агата Донатовна;9563684452;
12345421;31;true;Бирюков Валерьян Анатольевич;9371503590;
12345422;86;false;Копылова Прасковья Всеволодовна;9736563463;
12345423;47;true;Емельянов Владимир Никитевич;9425121481;
12345424;85;true;Белов Борис Владиславович;9152534153;
12345425;59;true;Кудрявцев Куприян Христофорович;9776311245;
12345426;73;true;Красильников Лукий Степанович;9932504548;
12345427;79;false;Дроздова Ольга Степановна;9045639045;
12345428;59;false;Лазарева Галина Владленовна;9052102977;
12345429;86;true;Григорьев Григорий Лаврентьевич;9374768598;
12345430;15;true;Волков Борис Лукьевич;9668228725;
12345431;67;false;Горшкова Светлана Артёмовна;9848052803;
12345432;28;true;Сафонов Святослав Игоревич;9404429483;
12345433;63;false;Рожкова Таисия Андреевна;9448313947;
12345434;65;true;Моисеев Анатолий Матвеевич;9365447179;
12345435;84;true;Доронин Герман Дамирович;9548313507;
12345436;87;true;Бирюков Андрей Богданович;9245026472;
12345437;49;false;Федосеева Анжелика Игоревна;9516764538;
12345438;84;false;Жданова Марина Мартыновна;9625609149;
12345439;78;true;Якушев Алексей Владленович;9736127116;
12345440;92;true;Быков Арсений Серапионович;9144144565;
12345441;30;false;Волкова Агафья Вадимовна;9988302715;
12345442;75;true;Рябов Геласий Анатольевич;9946417841;
12345443;41;true;Гурьев Арсений Егорович;9519777808;
12345444;33;false;Одинцова Галина Якововна;9057908991;
12345445;69;false;Горшкова Агафья Лукьевна;9978178150;
12345446;33;true;Самсонов Пантелеймон Анатольевич;9566373380;
12345447;64;true;Фёдоров Вадим Богданович;9635838818;
12345448;71;false;Моисеева Василиса Донатовна;9126972576;
12345449;39;true;Крылов Эдуард Филатович;9658970451;
12345450;61;false;Потапова Ульяна Дмитрьевна;9973553129;
12345451;25;true;Щербаков Авксентий Евгеньевич;9320479628;
12345452;44;true;Сафонов Демьян Альбертович;9071918293;
12345453;63;false;Зимина Феврония Лукьевна;9225624034;
12345454;69;false;Борисова Майя Олеговна;9815198804;
12345455;16;true;Куликов Леонид Парфеньевич;9380758576;
12345456;19;true;Дементьев Денис Лукьянович;9962747622;
12345457;82;true;Якушев Лаврентий Арсеньевич;9158585136;
12345458;66;false;Козлова Светлана Викторовна;9983525532;
12345459;80;true;Архипов Геннадий Валерьевич;9439131462;
12345460;56;false;Власова Елена Максимовна;9414081948;
12345461;67;true;Одинцов Валентин Альвианович;9798437980;
12345462;41;false;Веселова Евдокия Парфеньевна;9475877850;
12345463;36;true;Афанасьев Олег Богданович;9558293327;
12345464;48;false;Кузьмина Агата Дмитрьевна;9004620670;
12345465;30;false;Артемьева Елизавета Вадимовна;9448311031;
12345466;41;true;Мартынов Улеб Фёдорович;9937485815;
12345467;34;true;Белов Максим Матвеевич;9947689725;
12345468;31;true;Осипов Мэлс Павлович;9528600928;
12345469;48;false;Галкина Нина Мартыновна;9179026026;
12345470;45;true;Кононов Ефим Святославович;9415205897;
12345471;27;true;Щербаков Валерьян Германнович;9944380751;
12345472;33;true;Абрамов Ростислав Игоревич;9385654007;
12345473;72;false;Жукова Марфа Германовна;9635525090;
12345474;69;false;Маслова Милица Глебовна;9653561125;
12345475;23;false;Дьячкова Агафья Кимовна;9823111373;
12345476;63;true;Васильев Арсений Егорович;9306600075;
12345477;41;true;Колобов Геннадий Витальевич;9354045499;
12345478;85;true;Сафонов Святослав Альвианович;9164192557;
12345479;40;false;Костина Феврония Дамировна;9475213402;
12345480;83;false;Осипова Елена Антоновна;9513015249;
12345481;53;true;Виноградов Валентин Мстиславович;9949531298;
12345482;29;false;Быкова Акулина Константиновна;9797504614;
12345483;72;false;Селиверстова Майя Созоновна;9269561990;
12345484;28;true;Филиппов Демьян Аристархович;9831575122;
12345485;42;true;Шубин Арсений Арсеньевич;9369356424;
12345486;16;true;Максимов Виктор Мстиславович;9699833519;
12345487;32;true;Артемьев Артём Всеволодович;9292400565;
12345488;35;false;Кузьмина Виктория Брониславовна;9102071057;
12345489;14;true;Тарасов Ириней Лукьянович;9541729606;
12345490;33;false;Горшкова Венера Романовна;9888196218;
12345491;48;false;Костина Анжелика Геннадьевна;9706419224;
12345492;31;true;Анисимов Аркадий Германнович;9106081023;
12345493;34;true;Красильников Альберт Максимович;9954645340;
12345494;39;true;Филатов Митрофан Владленович;9201834966;
12345495;19;true;Дьячков Антонин Семёнович;9869002438;
12345496;52;true;Кузьмин Лаврентий Дамирович;9889686838;
12345497;46;true;Федосеев Андрей Фролович;9904326753;
12345498;20;true;Медведьев Антонин Авксентьевич;9464038361;
12345499;43;true;Пономарёв Владлен Романович;9588068101;
12345500;63;false;Евсеева Василиса Протасьевна;9458264437;
12345501;21;true;Савин Игорь Станиславович;9678949718;
12345502;85;false;Сысоева Агафья Германновна;9319248064;
12345503;66;true;Дмитриев Руслан Станиславович;9118190743;
12345504;89;true;Сысоев Владислав Матвеевич;9235648774;
12345505;76;true;Поляков Павел Артёмович;9428921920;
12345506;88;true;Петров Авдей Фролович;9974043107;
12345507;29;false;Быкова Евгения Демьяновна;9903074252;
12345508;22;false;Громова Дарья Фроловна;9276820815;
12345509;27;false;Тихонова Октябрина Ильяовна;9222672643;
12345510;28;false;Григорьева Глафира Максимовна;9570648657;
12345511;27;true;Силин Ефим Германович;9658064329;
12345512;49;true;Зыков Германн Глебович;9803571025;
12345513;49;true;Григорьев Фёдор Викторович;9182917942;
12345514;68;true;Петров Пантелеймон Степанович;9074620605;
12345515;48;false;Шубина Анжелика Всеволодовна;9992176739;
12345516;52;false;Красильникова Виктория Парфеньевна;9486799975;
12345517;20;true;Гуляев Валерьян Федосеевич;9406625509;
12345518;21;true;Никитин Фёдор Авдеевич;9060270529;
12345519;24;false;Гусева Полина Германновна;9206775869;
12345520;76;true;Лапин Вадим Еремеевич;9038553223;
12345521;57;true;Калинин Арсений Вадимович;9533136033;
12345522;92;false;Кабанова Полина Станиславовна;9180626937;
12345523;77;true;Попов Бронислав Протасьевич;9480094070;
12345524;61;true;Бобров Владимир Максимович;9523048019;
12345525;59;false;Куликова Надежда Мэлсовна;9023252086;
12345526;66;false;Савельева Евфросиния Семёновна;9005139439;
12345527;85;true;Соболев Филат Гордеевич;9333210749;
12345528;53;false;Киселёва Евфросиния Вячеславовна;9356153093;
12345529;42;false;Куликова Надежда Михаиловна;9503143578;
12345530;78;true;Селезнёв Фрол Валентинович;9704514805;
12345531;33;false;Кузьмина Лукия Онисимовна;9227480384;
12345532;23;true;Соболев Семён Альвианович;9969312019;
12345533;40;true;Зайцев Степан Максимович;9849318844;
12345534;82;false;Никонова Ирина Валерьевна;9657890318;
12345535;79;false;Абрамова Прасковья Игоревна;9865243430;
12345536;45;true;Захаров Мстислав Мстиславович;9369307273;
12345537;58;false;Матвиенко Акулина Макаровна;9229852063;
12345538;36;false;Щербакова Евдокия Романовна;9555184732;
12345539;22;false;Игнатова Наина Алексеевна;9488372902;
12345540;25;true;Давыдов Михаил Авдеевич;9723337789;
12345541;75;true;Сафонов Мстислав Владимирович;9658310304;
12345542;65;false;Суханова Алевтина Артёмовна;9648808877;
12345543;44;false;Аксёнова Валерия Альвиановна;9710120039;
12345544;52;true;Васильев Федосей Владиславович;9471455169;
12345545;86;false;Матвеева Фаина Матвеевна;9264457908;
12345546;46;true;Вишняков Виталий Евсеевич;9666701234;
12345547;92;true;Воронов Виталий Ефимович;9816913715;
12345548;31;true;Тарасов Юлиан Мартынович;9567815445;
12345549;35;true;Уваров Денис Христофорович;9642347514;
12345550;61;false;Селиверстова Алла Парфеньевна;9151729085;
12345551;23;true;Путин Гордей Константинович;9329284171;
12345552;20;true;Белоусов Яков Лукьевич;9393613653;
12345553;50;false;Горбунова Ульяна Мэлсовна;9007554296;
12345554;67;true;Михеев Авксентий Максимович;9496330249;
12345555;84;true;Корнилов Ким Авксентьевич;9687458209;
12345556;81;true;Абрамов Борис Максимович;9087873246;
12345557;50;false;Гущина Агата Валентиновна;9737049825;
12345558;51;false;Горбунова Виктория Борисовна;9421193620;
12345559;57;true;Богданов Сергей Степанович;9975090686;
12345560;28;true;Попов Эдуард Федотович;9202222350;
12345561;26;true;Комиссаров Фрол Кондратович;9128413263;
12345562;85;false;Коновалова Клавдия Иринеевна;9995291818;
12345563;60;true;Субботин Дамир Эдуардович;9549820982;
12345564;71;false;Носкова Зинаида Дамировна;9661989781;
12345565;36;true;Бобров Иван Аристархович;9357120166;
12345566;93;true;Большаков Алексей Мстиславович;9870120211;
12345567;41;false;Блохина Фаина Мэлсовна;9296412630;
12345568;20;true;Романов Онисим Святославович;9965827313;
12345569;60;true;Казаков Улеб Семёнович;9039385006;
12345570;24;true;Соболев Филат Романович;9393714913;
12345571;68;true;Ковалёв Илья Пантелеймонович;9142588582;
12345572;38;false;Федосеева Анна Юрьевна;9942683494;
12345573;82;false;Данилова Акулина Макаровна;9396157717;
12345574;74;true;Романов Дмитрий Святославович;9943761233;
12345575;65;true;Ермаков Эдуард Святославович;9201121514;
12345576;57;false;Крюкова Наина Владимировна;9854412334;
12345577;34;false;Колесникова Людмила Мэлсовна;9210164494;
12345578;34;false;Михайлова Эмилия Иринеевна;9546080321;
12345579;38;true;Мясников Максим Евсеевич;9615250945;
12345580;57;true;Владимиров Иван Демьянович;9586487628;
12345581;57;false;Михеева Глафира Аркадьевна;9826987273;
12345582;27;true;Белоусов Мэлор Валерьевич;9797073498;
12345583;56;false;Жукова Алла Васильевна;9842276268;
12345584;15;false;Красильникова Ксения Христофоровна;9714922176;
12345585;27;true;Харитонов Матвей Федосеевич;9078856259;
12345586;35;true;Трофимов Аркадий Вадимович;9962537425;
12345587;51;true;Фадеев Станислав Евгеньевич;9837867791;
12345588;45;true;Суворов Иван Фёдорович;9394727504;
12345589;16;true;Иванов Станислав Михаилович;9980471854;
12345590;64;true;Воронов Гордей Мстиславович;9041783485;
12345591;88;false;Доронина Елена Святославовна;9469162909;
12345592;90;false;Иван Максимовна;9700452506;
12345593;86;true;Федотов Денис Мстиславович;9264498512;
12345594;90;true;Галкин Бронислав Федотович;9567180669;
12345595;84;false;Рыбакова Кира Никитевна;9327637699;
12345596;65;true;Денисов Егор Валерьянович;9961158377;
12345597;48;true;Шилов Алексей Аристархович;9542947167;
12345598;62;true;Попов Федосей Аркадьевич;9764565450;
12345599;77;true;Лихачёв Филат Александрович;9733876238;
12345600;15;false;Логинова Элеонора Никитевна;9897169065;
12345601;44;false;Белоусова Оксана Тихоновна;9892459862;
12345602;74;false;Богданова Регина Вячеславовна;9031036870;
12345603;79;true;Крюков Германн Ярославович;9641408685;
12345604;22;false;Карпова Елена Ильяовна;9791470253;
12345605;63;true;Тимофеев Георгий Пантелеймонович;9339067883;
12345606;56;false;Соколова Венера Донатовна;9075131113;
12345607;15;true;Крылов Валерьян Филатович;9693328080;
12345608;34;true;Колесников Владимир Степанович;9347990994;
12345609;82;true;Лобанов Антонин Святославович;9954753922;
12345610;77;false;Сафонова Варвара Валерьяновна;9502479452;
12345611;35;false;Анисимова Регина Кондратовна;9406913379;
12345612;49;true;Захаров Павел Фролович;9536110564;
12345613;57;false;Трофимова Евфросиния Константиновна;9722808907;
12345614;82;true;Мухин Валерий Онисимович;9312878230;
12345615;50;true;Смирнов Протасий Германнович;9757709882;
12345616;26;true;Дементьев Святослав Германнович;9605240442;
12345617;92;false;Ершова Евгения Фроловна;9910997157;
12345618;64;true;Ковалёв Богдан Игоревич;9887576469;
12345619;68;false;Путина Анжелика Авдеевна;9129986856;
12345620;66;true;Вишняков Даниил Антонинович;9125706235;
12345621;84;true;Новиков Христофор Еремеевич;9346845697;
12345622;53;false;Сафонова Дарья Христофоровна;9606305270;
12345623;60;true;Михеев Георгий Альвианович;9458394741;
12345624;74;false;Михайлова Вера Матвеевна;9064455835;
12345625;70;false;Зыкова Виктория Игоревна;9108121597;
12345626;30;true;Пономарёв Ростислав Дамирович;9262411319;
12345627;18;false;Хохлова Антонина Кимовна;9236809394;
12345628;15;false;Трофимова Ия Альбертовна;9432151329;
12345629;27;false;Иванова Ираида Аркадьевна;9098278359;
12345630;53;true;Новиков Иван Святославович;9957559161;
12345631;40;false;Яковлева Алевтина Протасьевна;9812723597;
12345632;45;true;Юдин Герман Филатович;9027175768;
12345633;49;false;Логинова Евпраксия Иринеевна;9320336114;
12345634;39;false;Муравьёва Лукия Матвеевна;9548181447;
12345635;35;false;Большакова Анжелика Пётровна;9750192336;
12345636;51;false;Дьячкова Майя Матвеевна;9441151167;
12345637;93;true;Максимов Мэлор Онисимович;9193602229;
12345638;37;false;Вишнякова Нина Эдуардовна;9370586074;
12345639;43;false;Уварова Нонна Аркадьевна;9443882305;
12345640;14;false;Козлова Прасковья Аркадьевна;9513170090;
12345641;18;true;Дьячков Аркадий Борисович;9933043098;
12345642;21;false;Орехова Елизавета Святославовна;9952873623;
12345643;60;true;Лукин Лаврентий Юрьевич;9544265586;
12345644;85;false;Иван Валентиновна;9845082688;
12345645;86;true;Владимиров Лукий Владиславович;9270377454;
12345646;60;true;Горшков Геннадий Кондратович;9030583313;
12345647;25;true;Баранов Роман Глебович;9249155930;
12345648;70;true;Уваров Денис Мстиславович;9496075212;
12345649;52;true;Зыков Валерий Ярославович;9372770194;
12345650;53;true;Силин Владислав Георгьевич;9570639866;
12345651;25;false;Иван Тихоновна;9902359878;
12345652;33;false;Антонова Анжела Авксентьевна;9001637860;
12345653;91;true;Макаров Всеволод Русланович;9932217504;
12345654;69;true;Фёдоров Евгений Варламович;9688909812;
12345655;64;false;Петухова Элеонора Сергеевна;9565072184;
12345656;86;true;Логинов Тихон Мартынович;9831966801;
12345657;69;false;Кудрявцева Анжелика Игнатьевна;9319219685;
12345658;29;true;Копылов Фрол Борисович;9017836899;
12345659;68;true;Лазарев Максим Пантелеймонович;9956664946;
12345660;79;true;Лазарев Лаврентий Георгьевич;9186615741;
12345661;59;true;Некрасов Руслан Романович;9421334257;
12345662;91;false;Аксёнова Зоя Станиславовна;9371896399;
12345663;21;false;Панова Нинель Евгеньевна;9095205859;
12345664;55;false;Сидорова Татьяна Арсеньевна;9435677116;
12345665;76;true;Чернов Егор Куприянович;9746405420;
12345666;65;false;Копылова Наина Ефимовна;9003246395;
12345667;61;false;Иван Куприяновна;9571163326;
12345668;23;true;Нестеров Христофор Ильяович;9501783936;
12345669;51;false;Якушева Екатерина Вячеславовна;9339061441;
12345670;83;false;Елисеева Раиса Альбертовна;9874066762;
12345671;22;true;Фокин Станислав Юрьевич;9828989070;
12345672;31;false;Гурьева Октябрина Арсеньевна;9821581434;
12345673;60;true;Капустин Максим Евсеевич;9352081099;
12345674;65;false;Зайцева Алла Тихоновна;9475083668;
12345675;45;true;Рябов Валентин Куприянович;9609642691;
12345676;25;false;Устинова Анжелика Тихоновна;9158451959;
12345677;64;false;Петухова Лариса Вячеславовна;9798338264;
12345678;77;true;Князев Серапион Владимирович;9966004871;
12345679;54;true;Маслов Лаврентий Денисович;9842139504;
12345680;30;false;Молчанова Синклитикия Ростиславовна;9684123441;
12345681;61;false;Брагина Октябрина Никитевна;9537149203;
12345682;60;false;Мамонтова Анжелика Авксентьевна;9416302954;
12345683;65;true;Гущин Даниил Серапионович;9186849274;
12345684;50;true;Исаков Илья Улебович;9212298402;
12345685;23;true;Матвеев Филат Денисович;9214047435;
12345686;14;true;Красильников Кондрат Игнатьевич;9847506307;
12345687;19;false;Артемьева Алина Онисимовна;9642495306;
12345688;25;true;Соловьёв Тихон Мартынович;9860883251;
12345689;65;false;Большакова Олимпиада Дамировна;9985999372;
12345690;67;false;Мишина Анжела Романовна;9754444608;
12345691;51;true;Шилов Роман Андреевич;9841872849;
12345692;67;true;Дорофеев Григорий Борисович;9120342438;
12345693;85;true;Никифоров Владислав Станиславович;9181789443;
12345694;56;true;Титов Сергей Лаврентьевич;9491887635;
12345695;51;false;Соколова Надежда Ильяовна;9475447311;
12345696;43;false;Савельева Евпраксия Владимировна;9174520624;
12345697;63;true;Селиверстов Святослав Геласьевич;9197601352;
12345698;18;true;Шубин Федот Васильевич;9153206127;
12345699;59;false;Ширяева Марина Лаврентьевна;9230217300;
12345700;23;false;Гришина Александра Матвеевна;9779620296;
12345701;48;true;Назаров Всеволод Ильяович;9893442504;
12345702;81;true;Калашников Ростислав Борисович;9733464122;
12345703;28;false;Авдеева Иванна Протасьевна;9418457247;
12345704;17;false;Харитонова Олимпиада Романовна;9307346391;
12345705;60;false;Максимова Прасковья Альбертовна;9448971924;
12345706;55;true;Носов Михаил Валерьянович;9235591832;
12345707;60;true;Зайцев Лукий Антонинович;9878251939;
12345708;14;true;Блинов Алексей Алексеевич;9064624238;
12345709;32;true;Евдокимов Мстислав Геннадьевич;9558289317;
12345710;15;true;Поляков Валерьян Гордеевич;9562782887;
12345711;70;false;Князева Варвара Якуновна;9290423472;
12345712;76;true;Афанасьев Ким Тихонович;9601450145;
12345713;30;true;Савин Валерьян Александрович;9610723332;
12345714;69;false;Денисова Лидия Григорьевна;9388344788;
12345715;51;true;Куликов Анатолий Парфеньевич;9406014432;
12345716;83;false;Жукова Марина Константиновна;9634025979;
12345717;79;false;Суворова Ольга Геннадьевна;9696698943;
12345718;44;true;Логинов Илья Святославович;9078207239;
12345719;32;false;Кулагина Регина Максимовна;9462813319;
12345720;30;true;Сергеев Владимир Брониславович;9835400772;
12345721;25;true;Щербаков Александр Владленович;9955496147;
12345722;79;true;Фомин Протасий Авдеевич;9896237761;
12345723;24;true;Журавлёв Авксентий Леонидович;9063388146;
12345724;15;true;Антонов Мэлор Серапионович;9114027781;
12345725;22;true;Филатов Юрий Вячеславович;9758859955;
12345726;77;false;Рыбакова Ия Лукьевна;9805955904;
12345727;92;true;Козлов Денис Христофорович;9479864087;
12345728;87;false;Фомина Маргарита Михаиловна;9805717041;
12345729;87;true;Герасимов Улеб Авдеевич;9686963797;
12345730;46;true;Авдеев Улеб Максимович;9023620381;
12345731;42;false;Соколова Нинель Анатольевна;9860205272;
12345732;51;true;Веселов Донат Юрьевич;9983376323;
12345733;36;true;Шестаков Улеб Демьянович;9934763221;
12345734;44;false;Субботина Лидия Варламовна;9456020133;
12345735;66;true;Мамонтов Федот Валерьевич;9970279382;
12345736;77;false;Белова Фаина Денисовна;9989033113;
12345737;65;false;Иван Андреевна;9836504249;
12345738;43;true;Кабанов Мстислав Глебович;9873022601;
12345739;31;true;Никифоров Иван Всеволодович;9386689600;
12345740;76;true;Шестаков Мэлс Валерьянович;9959715650;
12345741;80;true;Лыткин Онисим Кимович;9316912988;
12345742;66;false;Виноградова Елена Валерьяновна;9752989110;
12345743;58;true;Петров Арсений Арсеньевич;9300084588;
12345744;76;true;Суворов Александр Григорьевич;9100396397;
12345745;77;false;Крюкова Лукия Георгьевна;9982350671;
12345746;54;false;Стрелкова Прасковья Парфеньевна;9073889668;
12345747;23;false;Громова Ангелина Брониславовна;9198875088;
12345748;79;true;Мухин Еремей Иванович;9279150985;
12345749;44;false;Якушева Агафья Сергеевна;9074262519;
12345750;80;false;Сорокина Синклитикия Серапионовна;9932660224;
12345751;58;false;Афанасьева Прасковья Мстиславовна;9373337887;
12345752;28;false;Колобова Юлия Станиславовна;9870444493;
12345753;21;true;Борисов Альберт Глебович;9858265493;
12345754;38;true;Миронов Федот Созонович;9363923897;
12345755;42;true;Артемьев Дамир Альвианович;9091201205;
12345756;83;true;Богданов Владислав Дмитрьевич;9218471947;
12345757;83;true;Шарапов Эдуард Игнатьевич;9542382457;
12345758;90;true;Лебедев Павел Валентинович;9192553871;
12345759;70;false;Новикова Наталья Валерьяновна;9026298535;
12345760;47;true;Волков Александр Лукьянович;9799693344;
12345761;19;true;Шашков Протасий Юрьевич;9172033315;
12345762;50;true;Воронцов Мстислав Дамирович;9055271203;
12345763;73;false;Гаврилова Венера Улебовна;9628926349;
12345764;80;false;Устинова Олимпиада Семёновна;9798735836;
12345765;20;false;Исаева Анжелика Егоровна;9293739358;
12345766;45;false;Терентьева Евфросиния Альбертовна;9018072563;
12345767;36;true;Романов Ярослав Авксентьевич;9663350197;
12345768;57;false;Агафонова Агафья Егоровна;9993184606;
12345769;57;false;Бобылёва Ангелина Романовна;9322843519;
12345770;63;false;Андреева Вера Викторовна;9118643818;
12345771;75;false;Артемьева Венера Антониновна;9998355524;
12345772;17;true;Шубин Варлам Эдуардович;9542524444;
12345773;26;false;Тарасова Венера Христофоровна;9630141122;
12345774;35;true;Лыткин Мартын Владимирович;9981691405;
12345775;65;false;Евсеева Элеонора Георгьевна;9467173100;
12345776;33;false;Боброва Евпраксия Игнатьевна;9468195238;
12345777;14;false;Денисова Оксана Ефимовна;9418285594;
12345778;72;true;Власов Иван Ильяович;9030726879;
12345779;77;true;Шашков Семён Лаврентьевич;9535270434;
12345780;91;false;Агафонова Агата Мэлсовна;9265324744;
12345781;68;true;Стрелков Куприян Мэлсович;9955004789;
12345782;20;true;Павлов Авксентий Викторович;9601064329;
12345783;15;true;Иванов Валерий Викторович;9685516766;
12345784;18;true;Субботин Борис Агафонович;9195980978;
12345785;74;false;Данилова Пелагея Егоровна;9004841211;
12345786;93;true;Дроздов Герман Максимович;9682723574;
12345787;87;false;Фёдорова Венера Юлиановна;9126044232;
12345788;30;false;Савина Татьяна Юрьевна;9992546082;
12345789;91;false;Орлова Надежда Степановна;9150591251;
12345790;72;true;Пахомов Эдуард Улебович;9394153902;
12345791;33;true;Карпов Серапион Максимович;9259691623;
12345792;75;true;Михайлов Эдуард Альвианович;9473052202;
12345793;84;true;Казаков Юрий Матвеевич;9344398503;
12345794;51;true;Костин Улеб Борисович;9484962416;
12345795;50;false;Харитонова Евфросиния Иринеевна;9282240312;
12345796;41;true;Алексеев Ким Артёмович;9663863350;
12345797;77;true;Гуляев Мэлс Артёмович;9309654681;
12345798;68;false;Кононова Феврония Константиновна;9544886777;
12345799;56;true;Рогов Артём Станиславович;9683844242;
12345800;80;false;Ермакова Ксения Семёновна;9234380707;
12345801;47;true;Савельев Геннадий Николаевич;9348095837;
12345802;20;true;Фёдоров Ефим Мэлорович;9042572730;
12345803;49;false;Борисова Анжелика Митрофановна;9627624848;
12345804;62;true;Бирюков Евгений Леонидович;9973783864;
12345805;91;false;Соколова Регина Пантелеймоновна;9196867331;
12345806;69;true;Хохлов Арсений Еремеевич;9933794106;
12345807;67;false;Кулакова Нина Вячеславовна;9599391105;
12345808;14;false;Шашкова Ангелина Олеговна;9692098755;
12345809;70;true;Третьяков Лукьян Викторович;9381981827;
12345810;41;false;Петухова Прасковья Егоровна;9869101731;
12345811;76;true;Андреев Михаил Андреевич;9274889912;
12345812;76;true;Щукин Серапион Семёнович;9865150284;
12345813;76;false;Назарова Антонина Фёдоровна;9142116464;
12345814;90;true;Пономарёв Станислав Лаврентьевич;9117845404;
12345815;80;true;Носов Фёдор Эдуардович;9854357552;
12345816;30;true;Лобанов Анатолий Евсеевич;9460820293;
12345817;51;false;Соколова Ия Протасьевна;9170888781;
12345818;23;false;Миронова Варвара Созоновна;9194716547;
12345819;78;true;Павлов Вадим Лукьянович;9184666339;
12345820;55;true;Филиппов Пантелеймон Яковович;9721554730;
12345821;41;true;Лаврентьев Юрий Романович;9627230312;
12345822;52;true;Лихачёв Мэлор Мстиславович;9262178971;
12345823;65;false;Артемьева Полина Пётровна;9328406982;
12345824;63;true;Орехов Бронислав Михаилович;9368018568;
12345825;63;false;Никитина Октябрина Лукьевна;9874221158;
12345826;83;true;Степанов Пётр Альвианович;9297138531;
12345827;16;true;Орехов Руслан Всеволодович;9170475653;
12345828;14;false;Власова Клавдия Дамировна;9754304926;
12345829;27;false;Журавлёва Милица Юлиановна;9704871597;
12345830;16;true;Якушев Вячеслав Русланович;9291894694;
12345831;22;false;Бирюкова Фёкла Романовна;9471851176;
12345832;19;false;Кошелева Олимпиада Лукьевна;9531724554;
12345833;77;false;Калинина Анжела Эдуардовна;9779796550;
12345834;72;true;Васильев Евсей Еремеевич;9583987410;
12345835;41;true;Владимиров Созон Семёнович;9797427533;
12345836;23;false;Миронова Анжела Мстиславовна;9009080701;
12345837;92;true;Котов Евгений Константинович;9703987832;
12345838;47;false;Артемьева Варвара Романовна;9350331591;
12345839;92;false;Кудрявцева Ольга Алексеевна;9883146170;
12345840;59;false;Беляева Ираида Мстиславовна;9540496764;
12345841;37;false;Рожкова Акулина Анатольевна;9551815704;
12345842;44;true;Ларионов Глеб Денисович;9849693603;
12345843;47;true;Бобров Федосей Ефимович;9512836960;
12345844;70;false;Фролова Венера Брониславовна;9947629095;
12345845;41;true;Владимиров Илья Андреевич;9399312055;
12345846;80;false;Хохлова Анжела Богдановна;9378163054;
12345847;50;true;Фролов Антон Тихонович;9077642630;
12345848;33;false;Лаврентьева Лидия Юрьевна;9858556217;
12345849;50;false;Сафонова София Всеволодовна;9105304689;
12345850;23;true;Прохоров Альвиан Ефимович;9438596957;
12345851;87;false;Коновалова Таисия Иринеевна;9637510015;
12345852;41;false;Третьякова Анжелика Богдановна;9190094326;
12345853;91;false;Уварова Раиса Антоновна;9366615908;
12345854;62;true;Блинов Владлен Антонович;9692206797;
12345855;72;false;Савина Олимпиада Станиславовна;9900998275;
12345856;84;true;Зимин Святослав Филатович;9283568287;
12345857;26;false;Самойлова Глафира Данииловна;9370505572;
12345858;56;true;Артемьев Федосей Матвеевич;9532606672;
12345859;56;true;Игнатов Богдан Авксентьевич;9336796249;
12345860;28;false;Иванова Ираида Игоревна;9193136630;
12345861;65;true;Панфилов Вадим Федотович;9905014287;
12345862;64;false;Волкова Венера Якововна;9172753200;
12345863;40;true;Цветков Руслан Геннадьевич;9054749464;
12345864;77;false;Александрова Маргарита Христофоровна;9685024165;
12345865;74;true;Рыбаков Парфений Витальевич;9847911416;
12345866;37;true;Никифоров Валентин Артёмович;9204342887;
12345867;61;false;Цветкова Элеонора Владленовна;9235781134;
12345868;74;false;Кабанова Екатерина Валерьяновна;9731888930;
12345869;56;true;Петухов Протасий Пётрович;9499651408;
12345870;87;true;Ширяев Ростислав Юрьевич;9571162718;
12345871;39;false;Красильникова Тамара Игнатьевна;9196735630;
12345872;58;false;Иван Игнатьевна;9805451361;
12345873;16;true;Кононов Демьян Григорьевич;9856083084;
12345874;71;false;Михайлова Агата Митрофановна;9817266387;
12345875;70;true;Лебедев Альвиан Ильяович;9317245871;
12345876;73;true;Антонов Матвей Альбертович;9431712913;
12345877;42;false;Абрамова Агафья Ефимовна;9548058507;
12345878;81;true;Мишин Демьян Митрофанович;9324282493;
12345879;18;true;Сергеев Юрий Иринеевич;9586566915;
12345880;58;false;Симонова Нонна Данииловна;9117339762;
12345881;35;false;Молчанова Зинаида Руслановна;9755989030;
12345882;15;true;Фролов Фрол Васильевич;9861780623;
12345883;16;true;Гришин Еремей Филатович;9540442571;
12345884;93;true;Кудрявцев Матвей Христофорович;9905299651;
12345885;65;true;Лаврентьев Мэлс Демьянович;9438290131;
12345886;27;false;Суханова Дарья Валентиновна;9375061791;
12345887;17;true;Исаков Всеволод Варламович;9994461027;
12345888;92;false;Лихачёва Светлана Филатовна;9305225963;
12345889;20;false;Игнатьева Светлана Фёдоровна;9881088863;
12345890;72;false;Киселёва Евгения Вадимовна;9621146154;
12345891;79;true;Назаров Протасий Гордеевич;9920700963;
12345892;21;false;Миронова Вера Георгьевна;9646781867;
12345893;41;true;Савин Парфений Агафонович;9757512463;
12345894;35;true;Чернов Иван Созонович;9329663942;
12345895;83;true;Быков Михаил Михаилович;9819287027;
12345896;71;false;Красильникова Евгения Святославовна;9867551504;
12345897;29;true;Воробьёв Валентин Даниилович;9295186605;
12345898;16;true;Большаков Алексей Романович;9026344233;
12345899;53;false;Журавлёва Алла Артёмовна;9551131010;
12345900;21;false;Ильина Елена Владленовна;9453646557;
12345901;59;true;Ширяев Евсей Артёмович;9856871163;
12345902;66;false;Молчанова Алевтина Владимировна;9407410935;
12345903;73;true;Голубев Геннадий Аристархович;9221211965;
12345904;66;false;Андреева Галина Аристарховна;9881719463;
12345905;66;true;Кондратьев Варлам Эдуардович;9036999640;
12345906;48;false;Кабанова Юлия Альвиановна;9703223517;
12345907;19;true;Савельев Арсений Мартынович;9354091300;
12345908;53;true;Самойлов Онисим Андреевич;9647725301;
12345909;75;false;Лапина Валерия Артёмовна;9863349441;
12345910;78;false;Авдеева Ксения Геннадьевна;9988546550;
12345911;89;true;Андреев Варлам Авдеевич;9861360251;
12345912;21;false;Калинина Наина Алексеевна;9767680645;
12345913;56;false;Воронцова Светлана Мэлоровна;9300646600;
12345914;28;true;Игнатов Андрей Семёнович;9415325647;
12345915;60;true;Щукин Александр Григорьевич;9516117618;
12345916;81;false;Гуляева Вероника Серапионовна;9749292545;
12345917;51;true;Князев Варлам Георгьевич;9611720277;
12345918;55;false;Иван Брониславовна;9672627587;
12345919;67;false;Ефремова Василиса Владиславовна;9925760084;
12345920;88;true;Устинов Улеб Игоревич;9463943878;
12345921;48;false;Ильина Алла Альбертовна;9746626600;
12345922;75;false;Сорокина Пелагея Гордеевна;9655461594;
12345923;75;true;Журавлёв Степан Парфеньевич;9343509376;
12345924;69;true;Стрелков Геннадий Варламович;9667251152;
12345925;45;true;Дементьев Александр Никитевич;9872556625;
12345926;22;false;Куликова Любовь Семёновна;9015208555;
12345927;34;false;Лыткина Галина Григорьевна;9561837244;
12345928;93;true;Большаков Глеб Серапионович;9803571635;
12345929;46;false;Галкина Марина Христофоровна;9224858472;
12345930;79;false;Константинова Анжелика Степановна;9008287493;
12345931;52;false;Суханова Ирина Филатовна;9116826574;
12345932;26;false;Тихонова Синклитикия Викторовна;9653239273;
12345933;19;true;Вишняков Геласий Богданович;9883308858;
12345934;66;true;Некрасов Валентин Русланович;9032547409;
12345935;84;false;Вишнякова Нинель Витальевна;9921650614;
12345936;19;true;Селезнёв Агафон Ильяович;9858960688;
12345937;43;true;Миронов Павел Матвеевич;9238698654;
12345938;76;true;Владимиров Лукьян Владленович;9326059562;
12345939;80;false;Воронцова Наталья Куприяновна;9845386000;
12345940;61;false;Селезнёва Виктория Матвеевна;9033175823;
12345941;86;true;Давыдов Авксентий Станиславович;9494758759;
12345942;24;true;Калинин Роман Валерьянович;9529863887;
12345943;87;true;Хохлов Денис Станиславович;9447490091;
12345944;51;false;Артемьева Ксения Дамировна;9512524933;
12345945;29;false;Лукина Агафья Никитевна;9938111493;
12345946;19;true;Брагин Борис Богданович;9853118206;
12345947;70;true;Суханов Роман Макарович;9674044329;
12345948;15;true;Туров Всеволод Дамирович;9216568353;
12345949;20;false;Боброва Жанна Никитевна;9524331047;
12345950;82;true;Якушев Евгений Семёнович;9809590171;
12345951;68;false;Овчинникова Анжела Владимировна;9331126877;
12345952;86;false;Ефимова Раиса Арсеньевна;9538329987;
12345953;62;true;Логинов Степан Серапионович;9112360461;
12345954;67;true;Кудряшов Григорий Александрович;9982467140;
12345955;63;false;Никонова Иванна Альбертовна;9289328688;
12345956;61;true;Хохлов Сергей Макарович;9120820498;
12345957;85;false;Владимирова Ольга Ефимовна;9352128452;
12345958;37;false;Казакова Октябрина Андреевна;9778614171;
12345959;63;true;Дементьев Геласий Владимирович;9470333089;
12345960;45;true;Рыбаков Алексей Яковович;9596249994;
12345961;87;true;Дмитриев Яков Авксентьевич;9811305925;
12345962;90;false;Ермакова Пелагея Дамировна;9812849111;
12345963;53;true;Владимиров Федосей Геласьевич;9726357773;
12345964;83;false;Шилова Синклитикия Якововна;9360542050;
12345965;39;false;Горбачёва Клавдия Богдановна;9980740209;
12345966;59;true;Игнатов Лукий Борисович;9115022199;
12345967;20;true;Марков Аристарх Игоревич;9097724655;
12345968;14;true;Авдеев Протасий Станиславович;9028576425;
12345969;57;true;Фомичёв Геннадий Евсеевич;9917686084;
12345970;39;false;Соболева Валентина Христофоровна;9967966838;
12345971;61;false;Герасимова София Фроловна;9143515953;
12345972;93;true;Данилов Фрол Витальевич;9550962638;
12345973;31;true;Евдокимов Донат Вадимович;9021673480;
12345974;59;false;Селиверстова Любовь Лаврентьевна;9849630653;
12345975;72;true;Тетерин Ростислав Русланович;9047444561;
12345976;35;true;Киселёв Виталий Куприянович;9077180069;
12345977;36;true;Анисимов Станислав Альвианович;9551692356;
12345978;54;true;Корнилов Ириней Юлианович;9353724891;
12345979;20;true;Харитонов Даниил Куприянович;9906701708;
12345980;25;true;Титов Ростислав Михаилович;9166615534;
12345981;27;false;Воробьёва Анжела Агафоновна;9728170402;
12345982;14;false;Иванова Наталья Ивановна;9934749417;
12345983;30;true;Егоров Федосей Мэлсович;9025975894;
12345984;59;true;Архипов Серапион Эдуардович;9862010283;
12345985;19;true;Семёнов Олег Семёнович;9624414357;
12345986;59;true;Князев Христофор Даниилович;9167521500;
12345987;26;false;Третьякова Людмила Вячеславовна;9792483569;
12345988;90;false;Белякова Анна Агафоновна;9674333047;
12345989;30;true;Емельянов Константин Николаевич;9024495051;
12345990;85;true;Виноградов Семён Леонидович;9012193632;
12345991;43;true;Гришин Яков Митрофанович;9568134405;
12345992;80;true;Вишняков Якун Юрьевич;9161435672;
12345993;31;false;Евсеева Маргарита Федосеевна;9639888018;
12345994;26;true;Горшков Константин Русланович;9348692579;
12345995;80;true;Третьяков Мэлс Матвеевич;9399052069;
12345996;15;true;Егоров Евсей Лукьянович;9446524607;
12345997;85;false;Федосеева Евпраксия Тихоновна;9140046254;
12345998;25;true;Смирнов Евсей Эдуардович;9286597821;
12345999;48;false;Семёнова Иванна Мэлсовна;9546971628;
12346000;68;false;Гуляева Маргарита Леонидовна;9001667591;
